id;first_name;last_name;description;email;address;phone;birthdate;url_img;url_img_content_type;actived;deleted
1;Grover;Strosin;Facilitator;Tremaine.Leannon97@hotmail.com;architectures initiatives Plastic;401.130.5369;2020-05-15;../fake-data/blob/hipster.png;image/png;false;true
2;Tierra;Turner;Sleek methodologies Home Loan Account;Missouri_Balistreri66@hotmail.com;solid state overriding Synergized;429-331-0463;2020-05-15;../fake-data/blob/hipster.png;image/png;true;false
3;Jordon;Heaney;Borders navigate interface;Jaylen_Cartwright48@gmail.com;ivory;476.416.9470;2020-05-14;../fake-data/blob/hipster.png;image/png;false;false
4;Jovani;Cassin;Berkshire Savings Account;Jacynthe_Dach68@gmail.com;hardware Practical compressing;(315) 178-9951 x5281;2020-05-15;../fake-data/blob/hipster.png;image/png;true;false
5;Summer;Hintz;Fantastic Unbranded web-readiness;Bill_Pfeffer@gmail.com;bypassing Concrete;(998) 494-3489 x1750;2020-05-15;../fake-data/blob/hipster.png;image/png;true;true
6;Vernie;Lindgren;Tasty;Andy_Becker@gmail.com;framework Pants Intelligent;(508) 147-9885 x9178;2020-05-15;../fake-data/blob/hipster.png;image/png;false;false
7;Mireille;Jakubowski;parsing;Maureen_Jacobi@hotmail.com;pink Strategist Concrete;(915) 499-6019 x7530;2020-05-15;../fake-data/blob/hipster.png;image/png;false;false
8;Alda;Thiel;multi-byte;Brandyn88@hotmail.com;Buckinghamshire Avon;299-279-5266 x4035;2020-05-15;../fake-data/blob/hipster.png;image/png;false;true
9;Hiram;Jacobs;Incredible Cotton Computer;Bertrand32@hotmail.com;Soft Dominican Republic;234-616-2482;2020-05-15;../fake-data/blob/hipster.png;image/png;true;true
10;Kory;Lindgren;Keyboard;Efrain_Feest@yahoo.com;Granite lavender;(118) 684-6529;2020-05-14;../fake-data/blob/hipster.png;image/png;true;true
